-- phpMyAdmin SQL Dump
-- version 2.11.9.2
-- http://www.phpmyadmin.net
--
-- Serveur: calando.private.tice.ac-orleans-tours.fr
-- Généré le : Lun 21 Décembre 2009 à 10:34
-- Version du serveur: 5.0.32
-- Version de PHP: 5.2.0-8+etch15

SET SQL_MODE="NO_AUTO_VALUE_ON_ZERO";

--
-- Base de données: `collaboratice`
--

-- --------------------------------------------------------

--
-- Structure de la table `taches`
--

DROP TABLE IF EXISTS `taches`;
CREATE TABLE IF NOT EXISTS `taches` (
  `id_tache` int(32) NOT NULL auto_increment,
  `date_creation` date NOT NULL,
  `date_echeance` date NOT NULL,
  `date_rappel` date default NULL,
  `description` text,
  `etat` tinyint(1) NOT NULL default '1',
  `visibilite` enum('PU','PR') NOT NULL default 'PU',
  `priorite` enum('H','N','B') NOT NULL default 'N',
  `id_util_creation` smallint(5) NOT NULL,
  `id_util_traitant` smallint(5) NOT NULL,
  `observation` text,
  `id_temp` float NOT NULL,
  PRIMARY KEY  (`id_tache`)
) ENGINE=MyISAM  DEFAULT CHARSET=latin1 AUTO_INCREMENT=329 ;

--
-- Contenu de la table `taches`
--

INSERT INTO `taches` (`id_tache`, `date_creation`, `date_echeance`, `date_rappel`, `description`, `etat`, `visibilite`, `priorite`, `id_util_creation`, `id_util_traitant`, `observation`, `id_temp`) VALUES
(301, '2009-11-12', '2009-11-19', '2009-11-19', 'Saisir les IANTES dans la base nationale', 1, 'PU', 'N', 1, 29, '', 0),
(4, '2008-11-08', '2008-12-15', '1999-11-30', 'SOC : Cacher par défaut les contacts dans la fiche des sociétés ', 1, 'PU', 'N', 1, 1, '', 0),
(258, '2009-09-30', '2009-10-15', '2009-10-07', 'Archives : Modifier la requête pour accélérer l''affichage', 1, 'PU', 'N', 1, 1, '', 0),
(239, '2009-09-18', '2009-09-18', '2009-09-25', 'Préparer une compilation d''extraits de musiques du festival pour la web-radio', 3, 'PU', '', 5, 9, '', 0),
(88, '2008-12-06', '2008-12-13', '1999-11-30', 'GM : Gérer le suivi des affectations dans la table ''materiels_suivi_affectations''', 1, 'PU', 'B', 1, 1, '', 0),
(32, '2008-11-13', '2008-11-20', '1999-11-30', 'Dans le formulaire en ligne, ajouter une zone pour l''indication des sources des documents', 1, 'PU', 'N', 9, 9, '', 0),
(37, '2008-11-13', '2008-11-20', '1999-11-30', 'GTI : Permettre la modification d''une réponse', 1, 'PU', 'N', 1, 1, '', 0),
(14, '2008-11-11', '2008-11-18', '1999-11-30', 'GTA : Ajouter une vue par catégorie dans la fenêtre principale', 1, 'PU', 'N', 1, 1, 'possible avec le bouton catégories communes', 0),
(15, '2008-11-11', '2008-11-18', '1999-11-30', 'PR : Prévoir la possibilité de saisir des heures "en attente" avant de les transmettre à la DOS', 1, 'PU', 'B', 1, 1, '- permettre l''établissement des listes à transmettre\r\n- garder la trace quand les heures ont été transmises\r\n- mechanisme pour le basculement automatique', 0),
(288, '2009-10-25', '2009-11-01', '2009-11-01', 'PRES : Bouton retour dans la fiche "information" d''une personne ressource ne fonctionne pas', 1, 'PU', 'N', 1, 1, '', 0),
(83, '2008-12-03', '2008-12-10', '1999-11-30', 'GM : Retour ne se fait pas sur une recherche. La recherche est perdu et la liste complète s''affiche', 3, 'PU', '', 1, 1, '', 0),
(108, '2009-01-15', '2009-01-22', '1999-11-30', 'GTI : Dans la fiche d''un ticket, dans le champ concernant l''établissement, ajouter la possibilité de faire afficher les tickets en cours (et archivés) - sous forme d''info-bulle ? Se limiter aux 3 ou 4 derniers tickets', 1, 'PU', 'N', 1, 1, '', 0),
(145, '2009-07-09', '2009-10-20', '2009-09-01', 'Entrer les HSA des états de fin d''année 2008-2009', 1, 'PU', 'N', 1, 1, 'état 6, 7, 8', 0),
(39, '2008-11-13', '2008-11-20', '1999-11-30', 'GTA : Problème d''affichage des tickets achevées dans la vue des tâches partagées', 1, 'PU', 'B', 1, 1, '', 0),
(297, '2009-11-06', '2009-11-12', '2009-11-13', 'supprimer les sites eva de :\r\nlyc-augustin-thierry\r\nclg-fernand-leger-vierzon\r\nclg-bruant-courtenay\r\nec-mermoz-richelieu\r\nec-rille\r\nec-anatole-france-tours', 3, 'PU', '', 4, 4, '', 0),
(238, '2009-09-18', '2009-09-25', '2009-09-25', 'UTIL : Afficher les numéros de téléphone avec le masque xx.xx.xx.xx.xx', 1, 'PU', 'N', 1, 1, '', 0),
(242, '2009-09-24', '2009-11-01', '2009-11-01', 'Cloturer le ticket 10685', 3, 'PU', '', 4, 4, '', 0),
(66, '2008-11-22', '2008-11-29', '1999-11-30', 'GM : Transformer la table matériels pour raccrocher à la table crédits_chapitres', 1, 'PU', 'B', 1, 1, '', 0),
(318, '2009-12-05', '2009-12-12', '2009-12-12', 'GM : modifier le filtre en prêt pour qu''il tienne réellement compte de l''état "en prêt"', 1, 'PU', 'N', 1, 1, 'actuellement type d''affectation = "ponctuelle" suffit pour afficher l''enregistrement\r\nla suppression du type d''affectation devient envisageable si on gère réellement les prêts avec l''état "en prêt"', 0),
(73, '2008-11-28', '2008-12-05', '1999-11-30', 'EVOL : Créer une BASE CONNAISSANCES qui contiendra les solutions à des problèmes récurrents', 1, 'PU', 'B', 1, 1, '', 0),
(291, '2009-10-26', '2009-11-02', '2009-11-02', 'GTA : Prévoir de l''AJAX pour le champ catégorie, qui pourrait s''ouvrir sur une sous-catégorie en fonction du choix initial ; sur 2 ou 3 niveaux', 1, 'PU', 'N', 1, 1, '', 0),
(64, '2008-11-19', '2008-11-26', '1999-11-30', 'SOC : Afficher les numéros de téléphone avec le masque xx.xx.xx.xx.xx', 1, 'PU', 'B', 1, 1, '', 0),
(65, '2008-11-22', '2008-11-29', '1999-11-30', 'GM : Intégrer la gestion du suivi à travers la table materiels_suivi_affectation', 1, 'PU', 'N', 1, 1, '', 0),
(92, '2008-12-15', '2008-12-22', '1999-11-30', 'GM : Vérifier l''enregistrement de la date de livraison', 3, 'PU', '', 1, 1, '', 0),
(152, '2009-07-13', '2009-07-24', '2009-07-20', 'ECL : Le bouton retour ne s''affiche pas quand on modifie un ticket', 1, 'PU', 'H', 1, 1, '', 0),
(215, '2009-09-04', '2009-09-16', '2009-09-17', 'Déployer le fichier breves_voir.php dans tous les eva3', 1, 'PU', 'N', 4, 4, 'Le fichier originel semble adapté à spip 191 et non 192. J''ai récupéré celui-ci sur le SVN de spip-zone.\r\nJe laisse un peu de temps à la circonscription de chateauroux pour tester ce nouveau fichier.', 0),
(309, '2009-11-28', '2009-01-05', '2009-12-05', 'EVOL : Une extension au module "gestion matériels" pour gérer les prévisions d''achat', 1, 'PU', 'N', 1, 1, '', 0),
(135, '2009-06-12', '2009-06-19', '1999-11-30', 'GTI : pourrais-tu faire en sorte qu''un ticket transféré par qqn n''apparaisse plus dans sa liste de\r\ntickets ? C''est plus compliqué que les tickets en attente, car la requête doit être personnalisée en fonction de la dernière personne à avoir transféré le ticket...', 1, 'PU', 'N', 1, 1, '', 0),
(136, '2009-06-13', '2009-06-20', '1999-11-30', 'GTI : nécessité d''insérer une information dans le flot des contributions.', 1, 'PU', 'N', 1, 1, '', 0),
(144, '2009-07-09', '2009-07-16', '1999-11-30', 'GTI : créer des fils de discussion si plusieurs interlocuteurs pour traiter.', 1, 'PU', 'N', 1, 1, 'en ajoutant une rponse à une réponse par exemple pour pouvoir distinguer les différentes phases suivant les interlocuteurs', 0),
(137, '2009-06-17', '2009-06-24', '1999-11-30', 'GTI : Archiver automatiquement les tickets en attente de plus de x mois avec envoi de message aux intervenants', 1, 'PU', 'N', 1, 1, '', 0),
(261, '2009-10-01', '2009-10-08', '2009-10-08', 'test', 3, 'PR', '', 1, 17, '', 0),
(262, '2009-10-01', '2009-10-08', '2009-10-08', 'GTA : tâches privés s''affichent dans le TB de la personne associés', 1, 'PU', 'N', 1, 1, '', 0),
(313, '2009-11-30', '2009-12-07', '2009-12-07', 'GM : dans la partie commande les états ne sont pas mis à jour', 3, 'PU', '', 1, 1, '', 0),
(257, '2009-09-30', '2009-10-15', '2009-10-07', 'Archives et liste des projets avec récompenses : Afficher les équipes ayant obtenu un prix en gras', 1, 'PU', 'N', 1, 1, '', 0),
(168, '2009-08-27', '2009-09-03', '2009-09-03', 'GTI : Permettre la désinscription et/ou la suppression d''un ticket directement depuis la liste des tickets. ', 1, 'PU', 'N', 15, 1, '', 0),
(141, '2009-07-06', '2009-07-13', '1999-11-30', 'GTI : Supprimer les fichiers joints lors de la suppression d''une contribution ou d''un ticket', 1, 'PU', 'H', 1, 1, '', 0),
(299, '2009-11-12', '2009-11-12', '2009-12-12', 'CAT : Dans le module catégories personnels, faire apparaître le nombre de ticket qui est à traiter (donc pas en attente) pour chaque catégorie.', 1, 'PU', 'N', 4, 1, '', 0),
(96, '2009-01-05', '2009-01-12', '1999-11-30', 'GM : Ne pas remplir le champ affectation lors de la commande d''un article ', 3, 'PU', '', 1, 1, '', 0),
(107, '2009-01-13', '2009-01-15', '0000-00-00', 'FESTIVAL-TICE : modifier l''adresse d''envoi vers genies-du-multimedia', 1, 'PU', 'B', 1, 1, '', 0),
(99, '2009-01-07', '2009-01-14', '1999-11-30', 'ECL : dans l''affichage des tickets archivés la colonne "dernière intervention" n''affiche pas le bon champ', 1, 'PU', 'B', 1, 1, '', 0),
(100, '2009-01-07', '2009-01-09', '1999-11-30', 'GM : La date de livraison ne s''affiche pas dans la fiche d''une commande', 3, 'PU', '', 1, 1, '', 0),
(302, '2009-11-13', '2009-11-16', '2009-11-20', 'traiter la demande Monsieur Saillard', 1, 'PU', 'H', 1, 1, 'message transmis par Alain le 8 nov', 0),
(303, '2009-11-13', '2009-11-20', '2009-11-20', 'supprimer le site eva3 http://ec-chatillon-sur-loire.tice.ac-orleans-tours.fr/eva/  ', 3, 'PU', '', 4, 4, '', 0),
(304, '2009-11-17', '2009-11-24', '2009-11-24', 'GTI : problème d''ajout d''intervenant', 1, 'PU', 'N', 1, 1, 'Tristan : J''édite le ticket 11583 dont je ne suis pas propriétaire et auquel je ne suis pas associé. J''ai ajouté Véro en tant qu''intervenante, mais pas moyen de m''y ajouter moi. J''avoue que j''ai la flemme d''aller tripatouiller la base, même si je sais comment faire. En tout cas, ça méritait d''être signalé, il me semble.', 0),
(292, '2009-10-26', '2009-11-02', '2009-11-02', 'GTA : permettre l''ajout de plusieurs personnes qui doivent traiter une tâche ; ajout d''un indicateur pour savoir qui traite (voir la GTI)', 1, 'PU', 'N', 1, 1, '', 0),
(150, '2009-07-11', '2009-07-18', '1999-11-30', 'FAV : Pouvoir copier un favoris d''une catégorie à l''autre', 1, 'PU', 'N', 1, 1, '', 0),
(244, '2009-09-27', '2009-10-04', '2009-10-04', 'test', 3, 'PR', '', 17, 3, '', 0),
(131, '2009-06-03', '2009-06-10', '1999-11-30', 'GTI : Pb du passage des variables deverrouiller, etat, tri2, idpb, categorie_commune - à vérifier si le pb n''a pas déjà été réglé', 1, 'PU', 'N', 1, 1, 'dans les liens de l''indèxe de la page, on cliquant sur une option de tri dans les différentes colonnes', 0),
(121, '2009-02-02', '2009-02-09', '1999-11-30', 'SOC : Lors de la modification d''une fiche la fiche de suivi est supprimée !', 1, 'PU', 'N', 1, 1, 'il semblerait que seulement le message s''affiche, la fiche n''est pas supprimée physiquement.', 0),
(147, '2009-07-10', '2009-07-17', '0000-00-00', 'Module FT / RT : intégrer une gestion historique pour les rencontres comme pour le Festival', 1, 'PU', 'N', 1, 1, '', 0),
(317, '2009-12-05', '2009-12-12', '2009-12-12', 'EVOL GM : Ajouter un filtre sur les lieux de stockage comme pour les affectations', 1, 'PU', 'N', 1, 1, '', 0),
(307, '2009-11-28', '2009-01-05', '2009-12-05', 'EVOL : Module pour la gestion des OM', 1, 'PU', 'N', 1, 1, '', 0),
(209, '2009-09-03', '2009-10-15', '2009-10-15', 'Reprendre contact avec l''IA45 et l''IA41 pour le bilan d''utilisation des nano-portables', 1, 'PU', 'N', 1, 5, '', 0),
(315, '2009-12-05', '2009-12-12', '2009-12-12', 'EVOL GM : ajouter un script pour gérer les lieux de stockage comme les affectations', 3, 'PU', '', 1, 1, '', 0),
(160, '2009-08-25', '2009-09-01', '2009-09-01', 'UTIL : Créer un emploi du temps indiquant les disponibilité pour la mission', 1, 'PU', 'N', 1, 1, '', 0),
(200, '2009-09-01', '2009-09-08', '2009-09-08', 'Commander Toner pour Imprimante laser couleur Dell 5110cn Noir, Magenta, jaune, cyan', 1, 'PU', 'N', 1, 1, '', 0),
(163, '2009-08-26', '2009-08-31', '2009-09-02', 'Faire le dossier pour la cloison de la salle 403', 1, 'PU', 'N', 1, 1, '', 0),
(166, '2009-08-26', '2009-09-02', '2009-09-02', 'ECL : Afficher les numéros de téléphone avec le masque XX.XX.XX.XX.XX', 1, 'PU', 'N', 1, 1, '', 0),
(287, '2009-10-24', '2009-10-31', '2009-10-31', 'GTA : Remplacer le texte "Ajouter une tâche" par une icône', 1, 'PU', 'N', 1, 1, '', 0),
(316, '2009-12-05', '2009-12-12', '2009-12-12', 'EVOL GM : Prévoir la fonctionnalité "Prêt" avec suivi historique', 1, 'PU', 'N', 1, 1, 'Différence avec l''affectation qui est permanente par défaut', 0),
(237, '2009-09-18', '2009-09-19', '2009-09-25', 'UTIL : bug dans l''insertion du numéro de téléphone travail : si on sépare les nombres par des espaces ou des . le numéro se fait tronquer. Il ne reste que 02', 2, 'PU', 'H', 4, 1, 'ne se produit pas quand on met des points', 0),
(311, '2009-11-28', '2009-12-05', '2009-12-05', 'TB : supprimer les tâches en lien avec Collaboratice', 1, 'PU', 'N', 1, 1, '', 0),
(312, '2009-11-28', '2009-12-05', '2009-12-05', 'TB : créer une fenêtre dédiée à l''affichage des tâches liées à Collaboratice avec des paramétrages comme tri par type module, date d''échéance, ...', 1, 'PU', 'N', 1, 1, '', 0),
(214, '2009-09-04', '2009-09-11', '2009-09-11', 'GTI : Prévoir une liste de phrases toutes faites pour le champ "à faire" pour réduire le temps de frappe', 1, 'PU', 'N', 1, 1, '', 0),
(236, '2009-09-17', '2009-09-17', '2009-09-24', 'Compléter directeurs éducation CG/ CR', 3, 'PU', '', 5, 5, '', 0),
(289, '2009-10-26', '2009-11-02', '2009-11-02', 'GM : Vérifier le formulaire d''ajout d''article et inclure les champs :\r\n- lieu de stockage\r\n- garantie\r\n- N° de série', 3, 'PU', '', 1, 1, 'fait pour lieu de stockage', 0),
(218, '2009-09-06', '2009-09-13', '2009-09-13', 'ECL : intégrer les personnels de direction dans la fiche de l''établissement', 1, 'PU', 'N', 1, 1, '', 0),
(306, '2009-11-20', '2009-11-27', '2009-11-27', 'GTI : Impossible de se supprimer soi-même en tant qu''intervenant', 1, 'PU', 'N', 1, 1, 'Ticket 11288, sur le B2I. J''ai indiqué à Christelle de mettre Sylvain,\r\nRonan, Norbert et Christophe sur le coup, pour le B2I. Du coup j''ai\r\nédité le ticket pour en virer ceux qui ne sont pas concernés, dont moi.\r\nPourquoi le vois-je toujours, alors ?', 0),
(220, '2009-09-08', '2009-09-15', '2009-09-15', 'SOC : rendre cliquable le courriel d''une société', 1, 'PU', 'N', 1, 1, '', 0),
(296, '2009-11-05', '2009-11-06', '2009-11-12', 'supprimer les sites eva3 de clg-andre-malraux-amboise et clg-le-reflessoir-blere (migré vers eva4)', 3, 'PU', '', 4, 4, '', 0),
(232, '2009-09-12', '2009-09-19', '2009-09-19', 'TAC : Formater les dates pour l''affichage', 1, 'PU', 'N', 1, 1, '', 0),
(305, '2009-11-19', '2009-11-19', '2009-11-26', 'supprimer le site eva3 de clg-michelet-tours, clg-la-ferte-st-aubin, clg-jean-moulin-nogent-le-roi', 3, 'PU', '', 4, 4, '', 0),
(300, '2009-11-12', '2009-11-13', '2009-11-19', 'supprimer les sites EVA3 de clg-helene-boucher-chartres ec-drache  clg-blois-vienne-blois lyc-jehan-de-beauce-chartres clg-choiseul-amboise ec-cande-sur-beuvron et lyc-pierre-emile-martin-bourges', 3, 'PU', '', 4, 4, '', 0),
(284, '2009-10-17', '2009-10-21', '2009-10-24', 'Transmettre les délégations de crédits pour le Festival à la DOS', 1, 'PU', 'N', 1, 1, '', 0),
(294, '2009-10-27', '2009-11-03', '2009-11-03', 'SOC : Le cadenas pour les sociétés "privées" ne s''affiche pas.', 1, 'PU', 'N', 1, 1, '', 0),
(295, '2009-10-27', '2009-11-03', '2009-11-03', 'REP : le ticket créés ne s''affiche pas du fait que le créateur n''est pas enregistré dans la table intervenant-ticket', 1, 'PU', 'H', 1, 1, '', 0),
(228, '2009-09-09', '2009-09-16', '2009-09-16', 'GTI : pouvoir faire une recherche par plage de dates', 1, 'PU', 'N', 29, 1, '', 0),
(229, '2009-09-09', '2009-09-10', '2009-09-16', 'Jury juin : régler le problème du remboursement des repas', 2, 'PU', 'N', 1, 1, 'fait pour Sabrina, Stéphnaie', 0),
(235, '2009-09-17', '2009-09-17', '2009-09-24', 'ECL : Ajouter les inspecteurs pour le rectorat ; prévoir les contacts sous forme d''onglet pour le rectorat', 2, 'PU', 'H', 5, 1, 'saisie pas encore complète', 0),
(234, '2009-09-17', '2009-09-17', '2009-09-24', 'préparer messages pour \r\nLangues, EPs, lettres, Profs ', 3, 'PU', '', 5, 5, '', 0),
(263, '2009-10-01', '2009-10-08', '2009-10-08', 'GTA : mettre un bouton pour la création d''une tâche au lieu du lien textuel', 1, 'PU', 'N', 1, 1, '', 0),
(282, '2009-10-17', '2009-10-24', '2009-10-24', 'Faire le relevée des feuilles d''émargement et créer une liste de diffusion', 1, 'PU', 'N', 1, 1, '', 0),
(256, '2009-09-30', '2009-10-16', '2009-10-07', 'Prendre contact avec Madame Gillet du Lycée Charles Péguy au sujet des affiches pour 2011', 1, 'PU', 'N', 1, 9, '', 0),
(310, '2009-11-28', '2009-12-05', '2009-12-05', 'GTA : supprimer le changement d''état si on est dans la fonctionnalité "modification", contrairement à la fonctionnalité "affectation"', 1, 'PU', 'N', 1, 1, '', 0),
(246, '2009-09-27', '2009-10-04', '2009-10-04', 'GM : Changer le traitement des états dans la liste des matériels affichés pour les commandes', 3, 'PU', '', 1, 1, '', 0),
(247, '2009-09-27', '2009-10-15', '2009-10-04', 'Récupérer la mallette Speechi (1328) chez Jean-François Favard au collège Jean Rostand de Tournon-St-Martin ', 1, 'PU', 'N', 1, 6, '', 0),
(290, '2009-10-26', '2009-11-02', '2009-11-02', 'EVOL : Créer une table listant les différents modules de collaboratice pour préparer l''arrivée du module de suivi de l''application', 1, 'PU', 'N', 1, 1, '', 0),
(314, '2009-12-03', '2010-01-10', '2009-12-10', 'EVOL : Prévoir des fils différents à l''intérieur d''un ticket pour des problématiques "discussions" différentes', 1, 'PU', 'N', 1, 1, '', 0),
(283, '2009-10-17', '2009-10-21', '2009-10-24', 'Faire l''enquête de satisfaction en distinguant visiteur, exposants, participant Festival', 1, 'PU', 'N', 1, 1, '', 0),
(280, '2009-10-17', '2009-10-24', '2009-10-24', 'Archives : Ajouter les projets avant 2007 à la base des projets pour la recherche dans les archives', 1, 'PU', 'N', 1, 1, '', 0),
(268, '2009-10-08', '2009-10-08', '2009-10-15', 'Appeler le lycée au sujet du problème de l''usurpation d''identité', 1, 'PU', 'H', 1, 1, '', 0),
(308, '2009-11-28', '2009-01-05', '2009-12-05', 'EVOL : Un module pour la gestion des dossiers', 1, 'PU', 'N', 1, 1, '', 0),
(279, '2009-10-15', '2009-10-22', '2009-10-22', 'GTA : ajouter le champ "lieu de stockage" dans le formulaire de saisie d''un article', 1, 'PU', 'N', 1, 1, '', 0),
(278, '2009-10-15', '2009-10-22', '2009-10-22', 'Prévoir 2 HSE pour Philippe Alluin pour son déplacement et son temps de particpation au tournage de la video "cours en ligne"', 1, 'PU', 'N', 5, 1, 'Je n''ai pas su où mettre ces deux HSE dans ta feuille "gestion des HSA" 2009', 0),
(274, '2009-10-14', '2009-10-15', '2009-10-21', 'Envoyer les informations des lauréats aux partenaires', 1, 'PU', 'N', 1, 9, '', 0),
(275, '2009-10-14', '2009-10-15', '2009-10-21', 'Faire un sondage de satisfaction auprès des exposants professionnels et établissements', 1, 'PU', 'N', 1, 9, '', 0),
(319, '2009-12-05', '2009-12-05', '2009-12-12', 'GM : vérifier que le champ affectation_matériel ne soit pas à 0, le remplacer par 6 correspondant à aucune affectation', 3, 'PU', '', 1, 1, 'sinon l''article ne s''affiche pas dans le récapitulatif d''une commande', 0),
(320, '2009-12-08', '2009-12-15', '2009-12-15', 'EVOL GM : sortir un accusé de réception lors du retour d''un matériel', 1, 'PU', 'N', 1, 1, '', 0),
(321, '2009-12-08', '2009-12-15', '2009-12-15', 'EVOL : module de gestion de crédits', 1, 'PU', 'N', 1, 1, '', 0),
(322, '2009-12-08', '2009-12-15', '2009-12-15', 'EVOL : formulaire de demande d''espace connecté à la base sites', 1, 'PU', 'N', 1, 1, '', 0),
(323, '2009-12-08', '2009-12-15', '2009-12-15', 'EVOL ECL : inclure les sites des établissements à partir de la base sites', 1, 'PU', 'N', 1, 1, '', 0),
(324, '2009-12-09', '2010-02-01', '2010-02-15', 'Supprimer les redirections dans les anciens Joomla de formation.', 1, 'PU', 'N', 17, 17, '', 0),
(325, '2009-12-09', '2009-12-16', '2009-12-16', 'EVOL GT : prévoir la possibilité de saisir des personnes mises en copie d''un échange', 1, 'PU', 'N', 1, 1, '', 0),
(326, '2009-12-10', '2010-02-01', '2010-02-15', 'Supprimer les sauvegardes des maj wordpess', 1, 'PU', 'N', 17, 17, '', 0),
(327, '2009-12-10', '2009-12-11', '2009-12-17', 'supprimer le eva3 de ec-le-boullay-thierry', 1, 'PU', 'N', 4, 4, '', 0),
(328, '2009-12-18', '2009-12-04', '2009-12-25', 'Préparer le tabletPC 54', 1, 'PU', 'N', 1, 1, 'Installer OpenOffice ; vérifier et defragmenter le DD', 0);

-- --------------------------------------------------------

--
-- Structure de la table `taches_categories`
--

DROP TABLE IF EXISTS `taches_categories`;
CREATE TABLE IF NOT EXISTS `taches_categories` (
  `id_tache` int(32) NOT NULL,
  `id_categorie` int(32) NOT NULL
) ENGINE=MyISAM DEFAULT CHARSET=latin1;

--
-- Contenu de la table `taches_categories`
--

INSERT INTO `taches_categories` (`id_tache`, `id_categorie`) VALUES
(289, 15),
(302, 21),
(150, 15),
(4, 15),
(136, 15),
(64, 15),
(144, 15),
(316, 15),
(99, 15),
(137, 15),
(100, 15),
(66, 15),
(15, 15),
(32, 2),
(108, 15),
(37, 15),
(39, 15),
(292, 15),
(247, 21),
(311, 15),
(239, 2),
(107, 2),
(209, 22),
(14, 15),
(65, 15),
(73, 15),
(96, 15),
(83, 15),
(287, 15),
(218, 15),
(88, 15),
(135, 15),
(92, 15),
(304, 15),
(315, 15),
(263, 15),
(262, 15),
(307, 15),
(323, 15),
(141, 15),
(131, 15),
(145, 7),
(147, 1),
(121, 15),
(152, 15),
(168, 15),
(306, 15),
(291, 15),
(160, 15),
(321, 15),
(200, 21),
(163, 5),
(308, 15),
(166, 15),
(312, 15),
(235, 15),
(322, 15),
(244, 13),
(301, 21),
(309, 15),
(258, 2),
(288, 15),
(238, 15),
(328, 21),
(326, 13),
(237, 15),
(325, 15),
(215, 13),
(214, 15),
(236, 2),
(220, 15),
(295, 15),
(324, 13),
(234, 2),
(232, 15),
(310, 15),
(299, 15),
(294, 15),
(228, 15),
(229, 2),
(246, 15),
(290, 15),
(320, 15),
(319, 15),
(318, 15),
(257, 2),
(317, 15),
(314, 15),
(256, 2),
(284, 2),
(283, 2),
(268, 21),
(282, 2),
(313, 15),
(280, 2),
(279, 15),
(278, 21),
(274, 2),
(275, 2);

-- --------------------------------------------------------

--
-- Structure de la table `taches_util`
--

DROP TABLE IF EXISTS `taches_util`;
CREATE TABLE IF NOT EXISTS `taches_util` (
  `id_tache` int(32) NOT NULL,
  `id_util` int(32) NOT NULL,
  `statut_cta` varchar(3) NOT NULL COMMENT 'c : créateur ; t: traitant ; a : associé'
) ENGINE=MyISAM DEFAULT CHARSET=latin1;

--
-- Contenu de la table `taches_util`
--

INSERT INTO `taches_util` (`id_tache`, `id_util`, `statut_cta`) VALUES
(244, 23, '001'),
(32, 1, '001'),
(108, 4, '001'),
(239, 10, '001'),
(137, 3, '001'),
(244, 3, '010'),
(244, 17, '100'),
(239, 9, '010'),
(239, 5, '100'),
(137, 1, '110'),
(108, 1, '110'),
(32, 9, '110'),
(4, 1, '110'),
(14, 1, '110'),
(15, 1, '110'),
(37, 1, '110'),
(39, 1, '110'),
(64, 1, '110'),
(65, 1, '110'),
(66, 1, '110'),
(73, 1, '110'),
(83, 1, '110'),
(88, 1, '110'),
(92, 1, '110'),
(96, 1, '110'),
(99, 1, '110'),
(100, 1, '110'),
(107, 1, '110'),
(121, 1, '110'),
(131, 1, '110'),
(135, 1, '110'),
(136, 1, '110'),
(141, 1, '110'),
(144, 1, '110'),
(145, 1, '110'),
(147, 1, '110'),
(150, 1, '110'),
(152, 1, '110'),
(160, 1, '110'),
(163, 1, '110'),
(166, 1, '110'),
(168, 15, '100'),
(168, 1, '010'),
(200, 1, '110'),
(209, 1, '100'),
(209, 5, '010'),
(214, 1, '110'),
(215, 4, '110'),
(218, 1, '110'),
(220, 1, '110'),
(228, 29, '100'),
(228, 1, '010'),
(229, 1, '110'),
(232, 1, '110'),
(234, 5, '110'),
(235, 5, '100'),
(235, 1, '010'),
(236, 5, '110'),
(237, 4, '100'),
(237, 1, '010'),
(238, 1, '110'),
(242, 4, '110'),
(246, 1, '110'),
(247, 1, '100'),
(247, 6, '010'),
(256, 1, '100'),
(256, 9, '010'),
(257, 1, '110'),
(258, 1, '110'),
(261, 1, '100'),
(261, 17, '010'),
(262, 1, '110'),
(263, 1, '110'),
(268, 1, '110'),
(274, 1, '100'),
(274, 9, '010'),
(275, 1, '100'),
(275, 9, '010'),
(278, 5, '100'),
(278, 1, '010'),
(279, 1, '110'),
(280, 1, '110'),
(282, 1, '110'),
(283, 1, '110'),
(284, 1, '110'),
(287, 1, '110'),
(288, 1, '110'),
(289, 1, '110'),
(290, 1, '110'),
(291, 1, '110'),
(292, 1, '110'),
(294, 1, '110'),
(295, 1, '110'),
(296, 4, '110'),
(297, 4, '110'),
(299, 4, '100'),
(299, 1, '010'),
(300, 4, '110'),
(301, 1, '100'),
(301, 29, '010'),
(302, 1, '110'),
(303, 4, '110'),
(304, 1, '110'),
(305, 4, '110'),
(306, 1, '110'),
(307, 1, '110'),
(308, 1, '110'),
(309, 1, '110'),
(310, 1, '110'),
(311, 1, '110'),
(312, 1, '110'),
(313, 1, '110'),
(314, 1, '110'),
(315, 1, '110'),
(316, 1, '110'),
(317, 1, '110'),
(318, 1, '110'),
(319, 1, '110'),
(320, 1, '110'),
(321, 1, '110'),
(322, 1, '110'),
(323, 1, '110'),
(324, 17, '110'),
(325, 1, '110'),
(326, 17, '110'),
(327, 4, '110'),
(328, 1, '110');
